model,query,rank,poi_id,name,type,city,relevant
MiniLM-12-L6,Want to visit a museum,1,7794915044,Movie Art,node,–°–∞–Ω–∫—Ç-–ü–µ—Ç–µ—Ä–±—É—Ä–≥,0
MiniLM-12-L6,Want to visit a museum,2,11279466833,C,node,–ï–∫–∞—Ç–µ—Ä–∏–Ω–±—É—Ä–≥,0
MiniLM-12-L6,Want to visit a museum,3,5182058513,–í–µ–ª–ª—É–º,node,–ú–æ—Å–∫–≤–∞,0
MiniLM-12-L6,Want to visit a museum,4,5546742961,Daidalos,node,–°–∞–Ω–∫—Ç-–ü–µ—Ç–µ—Ä–±—É—Ä–≥,0
MiniLM-12-L6,Want to visit a museum,5,5553493446,Leonard de Vinci,node,–°–∞–Ω–∫—Ç-–ü–µ—Ç–µ—Ä–±—É—Ä–≥,0
MiniLM-12-L6,Want to visit a museum,6,8781254881,–ó–º–µ—è,node,–°–∞–Ω–∫—Ç-–ü–µ—Ç–µ—Ä–±—É—Ä–≥,0
MiniLM-12-L6,Want to visit a museum,7,10069720742,Don't forget to learn English,node,–°–∞–Ω–∫—Ç-–ü–µ—Ç–µ—Ä–±—É—Ä–≥,0
MiniLM-12-L6,Want to visit a museum,8,5546742953,Zeyxis,node,–°–∞–Ω–∫—Ç-–ü–µ—Ç–µ—Ä–±—É—Ä–≥,0
MiniLM-12-L6,Want to visit a museum,9,7576068785,Art Future Gallery,node,–ú–æ—Å–∫–≤–∞,0
MiniLM-12-L6,Want to visit a museum,10,11687906065,Jordan,node,–ú–æ—Å–∫–≤–∞,0
MiniLM-12-L6,Looking for historical monuments,1,6166830420,–ì. –®–ª–∏–º–∞–Ω—É,node,–°–∞–Ω–∫—Ç-–ü–µ—Ç–µ—Ä–±—É—Ä–≥,1
MiniLM-12-L6,Looking for historical monuments,2,2920898930,–û—Ä–¥–µ–Ω–∞ –£–ó–¢–ú,node,–ï–∫–∞—Ç–µ—Ä–∏–Ω–±—É—Ä–≥,1
MiniLM-12-L6,Looking for historical monuments,3,2470219213,–ì.¬†–ò.¬†–¢—É—Ä–Ω–µ—Ä,node,–°–∞–Ω–∫—Ç-–ü–µ—Ç–µ—Ä–±—É—Ä–≥,1
MiniLM-12-L6,Looking for historical monuments,4,1277580853,–î–∂–∞–≤–∞—Ö–∞—Ä–ª–∞–ª—É –ù–µ—Ä—É,node,–ú–æ—Å–∫–≤–∞,1
MiniLM-12-L6,Looking for historical monuments,5,5546742983,–ò.¬†–ê.¬†–û—Ä–±–µ–ª–∏,node,–°–∞–Ω–∫—Ç-–ü–µ—Ç–µ—Ä–±—É—Ä–≥,1
MiniLM-12-L6,Looking for historical monuments,6,5808194400,–ò.¬†–ê.¬†–û—Ä–±–µ–ª–∏,node,–°–∞–Ω–∫—Ç-–ü–µ—Ç–µ—Ä–±—É—Ä–≥,1
MiniLM-12-L6,Looking for historical monuments,7,1104343613,–û—Ä–¥–∂–æ–Ω–∏–∫–∏–¥–∑–µ,node,–ù–∏–∂–Ω–∏–π –ù–æ–≤–≥–æ—Ä–æ–¥,0
MiniLM-12-L6,Looking for historical monuments,8,1372027612,–ü–∞–º—è—Ç–Ω–∏–∫ –ò–æ–∞–Ω–∏—Å—É –ö–∞–ø–æ–¥–∏—Å—Ç—Ä–∏—è,node,–°–∞–Ω–∫—Ç-–ü–µ—Ç–µ—Ä–±—É—Ä–≥,1
MiniLM-12-L6,Looking for historical monuments,9,6511782886,–î–æ–º-–º—É–∑–µ–π –î. –ù. –ú–∞–º–∏–Ω–∞-–°–∏–±–∏—Ä—è–∫–∞,node,–ï–∫–∞—Ç–µ—Ä–∏–Ω–±—É—Ä–≥,1
MiniLM-12-L6,Looking for historical monuments,10,2674851458,–ï. –í. –í—É—á–µ—Ç–∏—á—É,node,–ú–æ—Å–∫–≤–∞,1
MiniLM-12-L6,Best art galleries nearby,1,5031345696,Arts square gallery,node,–°–∞–Ω–∫—Ç-–ü–µ—Ç–µ—Ä–±—É—Ä–≥,1
MiniLM-12-L6,Best art galleries nearby,2,4925298349,NameGallery,node,–°–∞–Ω–∫—Ç-–ü–µ—Ç–µ—Ä–±—É—Ä–≥,1
MiniLM-12-L6,Best art galleries nearby,3,10845859070,Sare art,node,–ú–æ—Å–∫–≤–∞,1
MiniLM-12-L6,Best art galleries nearby,4,11279466833,C,node,–ï–∫–∞—Ç–µ—Ä–∏–Ω–±—É—Ä–≥,0
MiniLM-12-L6,Best art galleries nearby,5,8769518639,14/45,node,–°–∞–Ω–∫—Ç-–ü–µ—Ç–µ—Ä–±—É—Ä–≥,0
MiniLM-12-L6,Best art galleries nearby,6,11279466831,A,node,–ï–∫–∞—Ç–µ—Ä–∏–Ω–±—É—Ä–≥,0
MiniLM-12-L6,Best art galleries nearby,7,11279466830,P,node,–ï–∫–∞—Ç–µ—Ä–∏–Ω–±—É—Ä–≥,0
MiniLM-12-L6,Best art galleries nearby,8,5553493451,Pichler,node,–°–∞–Ω–∫—Ç-–ü–µ—Ç–µ—Ä–±—É—Ä–≥,0
MiniLM-12-L6,Best art galleries nearby,9,981686108,Art-Home,node,–°–∞–Ω–∫—Ç-–ü–µ—Ç–µ—Ä–±—É—Ä–≥,1
MiniLM-12-L6,Best art galleries nearby,10,11013410901,ArtTerria,node,–£—Ñ–∞,1
MiniLM-12-L6,Places with panoramic views,1,5546742958,Scopas,node,–°–∞–Ω–∫—Ç-–ü–µ—Ç–µ—Ä–±—É—Ä–≥,1
MiniLM-12-L6,Places with panoramic views,2,5259677323,Art of Foto,node,–°–∞–Ω–∫—Ç-–ü–µ—Ç–µ—Ä–±—É—Ä–≥,1
MiniLM-12-L6,Places with panoramic views,3,2324541415,X-Max,node,–£—Ñ–∞,0
MiniLM-12-L6,Places with panoramic views,4,11025994306,12 –º–µ—Å—è—Ü–µ–≤,node,–°–∞–Ω–∫—Ç-–ü–µ—Ç–µ—Ä–±—É—Ä–≥,0
MiniLM-12-L6,Places with panoramic views,5,11230921890,Official pilots weather forecasting stone,node,–°–∞–Ω–∫—Ç-–ü–µ—Ç–µ—Ä–±—É—Ä–≥,0
MiniLM-12-L6,Places with panoramic views,6,9017478664,Biotheatre,node,–ú–æ—Å–∫–≤–∞,0
MiniLM-12-L6,Places with panoramic views,7,12260868612,Fabula,node,–ú–æ—Å–∫–≤–∞,0
MiniLM-12-L6,Places with panoramic views,8,2283447472,Steinway Piano Gallery,node,–°–∞–Ω–∫—Ç-–ü–µ—Ç–µ—Ä–±—É—Ä–≥,0
MiniLM-12-L6,Places with panoramic views,9,5546742962,Smilis,node,–°–∞–Ω–∫—Ç-–ü–µ—Ç–µ—Ä–±—É—Ä–≥,0
MiniLM-12-L6,Places with panoramic views,10,9842702698,–≠—á–ø–æ—á–º–∞–∫,node,–ö–∞–∑–∞–Ω—å,0
MiniLM-12-L6,Quiet parks for reading,1,9947898117,Bubble Comics,node,–ú–æ—Å–∫–≤–∞,0
MiniLM-12-L6,Quiet parks for reading,2,9943942217,Geek Trip,node,–°–∞–Ω–∫—Ç-–ü–µ—Ç–µ—Ä–±—É—Ä–≥,0
MiniLM-12-L6,Quiet parks for reading,3,9898070642,Dig it,node,–ú–æ—Å–∫–≤–∞,0
MiniLM-12-L6,Quiet parks for reading,4,12022609237,Smile Park,node,–ù–∏–∂–Ω–∏–π –ù–æ–≤–≥–æ—Ä–æ–¥,1
MiniLM-12-L6,Quiet parks for reading,5,8039445848,Kids berry,node,–ï–∫–∞—Ç–µ—Ä–∏–Ω–±—É—Ä–≥,0
MiniLM-12-L6,Quiet parks for reading,6,3406571593,RRQuest,node,–ï–∫–∞—Ç–µ—Ä–∏–Ω–±—É—Ä–≥,0
MiniLM-12-L6,Quiet parks for reading,7,10601271076,Smile Park,node,–°–∞–Ω–∫—Ç-–ü–µ—Ç–µ—Ä–±—É—Ä–≥,0
MiniLM-12-L6,Quiet parks for reading,8,10601271079,Smile Park,node,–°–∞–Ω–∫—Ç-–ü–µ—Ç–µ—Ä–±—É—Ä–≥,0
MiniLM-12-L6,Quiet parks for reading,9,4285859090,KidZania,node,–ú–æ—Å–∫–≤–∞,0
MiniLM-12-L6,Quiet parks for reading,10,11880691402,Fun city,node,–ö–∞–∑–∞–Ω—å,0
MiniLM-12-L6,Local cuisine restaurants,1,4916438925,Chef's,node,–ú–æ—Å–∫–≤–∞,1
MiniLM-12-L6,Local cuisine restaurants,2,10881725166,Family Food,node,–£—Ñ–∞,1
MiniLM-12-L6,Local cuisine restaurants,3,11331896044,Food Way,node,–ú–æ—Å–∫–≤–∞,1
MiniLM-12-L6,Local cuisine restaurants,4,4041200386,Daily Food,node,–ú–æ—Å–∫–≤–∞,1
MiniLM-12-L6,Local cuisine restaurants,5,7059996048,Chef's kitchen,node,–ú–æ—Å–∫–≤–∞,1
MiniLM-12-L6,Local cuisine restaurants,6,10688160344,Atlas by cuisine,node,–°–∞–Ω–∫—Ç-–ü–µ—Ç–µ—Ä–±—É—Ä–≥,0
MiniLM-12-L6,Local cuisine restaurants,7,12222207431,Street Food Maniac's,node,–ú–æ—Å–∫–≤–∞,1
MiniLM-12-L6,Local cuisine restaurants,8,9427513784,Chefs Table,node,–ú–æ—Å–∫–≤–∞,1
MiniLM-12-L6,Local cuisine restaurants,9,4248312989,0.75 please,node,–ú–æ—Å–∫–≤–∞,0
MiniLM-12-L6,Local cuisine restaurants,10,4241270464,Fairytale,node,–°–∞–Ω–∫—Ç-–ü–µ—Ç–µ—Ä–±—É—Ä–≥,0
MiniLM-12-L6,Cozy cafes for work,1,8237592904,Merv,node,–ö–∞–∑–∞–Ω—å,0
MiniLM-12-L6,Cozy cafes for work,2,2145198936,cafe+,node,–°–∞–Ω–∫—Ç-–ü–µ—Ç–µ—Ä–±—É—Ä–≥,1
MiniLM-12-L6,Cozy cafes for work,3,4109337592,Rich Lounge,node,–ú–æ—Å–∫–≤–∞,0
MiniLM-12-L6,Cozy cafes for work,4,4978477803,Wood,node,–°–∞–Ω–∫—Ç-–ü–µ—Ç–µ—Ä–±—É—Ä–≥,1
MiniLM-12-L6,Cozy cafes for work,5,9930377050,Mountain,node,–°–∞–Ω–∫—Ç-–ü–µ—Ç–µ—Ä–±—É—Ä–≥,0
MiniLM-12-L6,Cozy cafes for work,6,11217159953,City Rest GO,node,–°–∞–Ω–∫—Ç-–ü–µ—Ç–µ—Ä–±—É—Ä–≥,0
MiniLM-12-L6,Cozy cafes for work,7,5938607987,Istanbul,node,–ö–∞–∑–∞–Ω—å,0
MiniLM-12-L6,Cozy cafes for work,8,12288120540,Fix Cafe,node,–ï–∫–∞—Ç–µ—Ä–∏–Ω–±—É—Ä–≥,1
MiniLM-12-L6,Cozy cafes for work,9,4983945287,Happy people,node,–ú–æ—Å–∫–≤–∞,1
MiniLM-12-L6,Cozy cafes for work,10,12288120539,simple coffee,node,–ï–∫–∞—Ç–µ—Ä–∏–Ω–±—É—Ä–≥,1
MiniLM-12-L6,Scenic walking routes,1,7853544152,Mountain,node,–ú–æ—Å–∫–≤–∞,0
MiniLM-12-L6,Scenic walking routes,2,8002372982,–ö–∞–ª–∏–Ω–æ–≤–∫–∞ Trail bike park,node,–ï–∫–∞—Ç–µ—Ä–∏–Ω–±—É—Ä–≥,1
MiniLM-12-L6,Scenic walking routes,3,8891302681,–¢—Ä–æ–ø–∞ –∑–¥–æ—Ä–æ–≤—å—è —Ä–∞–π–æ–Ω–∞ –ö–æ—Ç–ª–æ–≤–∫–∞,node,–ú–æ—Å–∫–≤–∞,1
MiniLM-12-L6,Scenic walking routes,4,11074981805,–§–∏–Ω—Å–∫–æ–µ —É–±–µ–∂–∏—â–µ- –Ω–∞–±–ª—é–¥–∞—Ç–µ–ª—å–Ω—ã–π –ø—É–Ω–∫—Ç K3002 –ª–∏–Ω–∏–∏ VT,node,–°–∞–Ω–∫—Ç-–ü–µ—Ç–µ—Ä–±—É—Ä–≥,0
MiniLM-12-L6,Scenic walking routes,5,8065641958,–ö–∏–Ω–¥–µ—Ä-–õ—ç–Ω–¥,node,–ï–∫–∞—Ç–µ—Ä–∏–Ω–±—É—Ä–≥,0
MiniLM-12-L6,Scenic walking routes,6,11835133606,–≠–∫–æ–ª–æ–≥–∏—á–µ—Å–∫–∞—è —Ç—Ä–æ–ø–∞ –Ω–∞ –í–æ—Ä–æ–±—å–µ–≤—ã—Ö –≥–æ—Ä–∞—Ö,node,–ú–æ—Å–∫–≤–∞,1
MiniLM-12-L6,Scenic walking routes,7,4359230248,–ú—è–≥–∫–∞—è –¥–æ—Ä–æ–∂–∫–∞,node,–°–∞–Ω–∫—Ç-–ü–µ—Ç–µ—Ä–±—É—Ä–≥,1
MiniLM-12-L6,Scenic walking routes,8,7674039185,–í–æ–¥–Ω–∞—è —Ç—Ä–æ–ø–∞,node,–ú–æ—Å–∫–≤–∞,1
MiniLM-12-L6,Scenic walking routes,9,10896438099,–°–ø—É—Å–∫ —Å–æ –ª—å–≤–∞–º–∏,node,–°–∞–Ω–∫—Ç-–ü–µ—Ç–µ—Ä–±—É—Ä–≥,0
MiniLM-12-L6,Scenic walking routes,10,7685479400,–î–≤–æ–π–Ω–æ–π —Ö–æ–ª–º,node,–ö–∞–∑–∞–Ω—å,1
MiniLM-12-L6,Architectural landmarks,1,457304363,–ú—É–∑–µ–π –∏–∑–æ–±—Ä–∞–∑–∏—Ç–µ–ª—å–Ω—ã—Ö –∏—Å–∫—É—Å—Å—Ç–≤,node,–ï–∫–∞—Ç–µ—Ä–∏–Ω–±—É—Ä–≥,0
MiniLM-12-L6,Architectural landmarks,2,5546742956,B. Cellini,node,–°–∞–Ω–∫—Ç-–ü–µ—Ç–µ—Ä–±—É—Ä–≥,0
MiniLM-12-L6,Architectural landmarks,3,12814169440,üóø,node,–ú–æ—Å–∫–≤–∞,0
MiniLM-12-L6,Architectural landmarks,4,9181274050,Quadrat-Trapez,node,–ú–æ—Å–∫–≤–∞,0
MiniLM-12-L6,Architectural landmarks,5,5553493452,Pyrgoteles,node,–°–∞–Ω–∫—Ç-–ü–µ—Ç–µ—Ä–±—É—Ä–≥,0
MiniLM-12-L6,Architectural landmarks,6,12149444658,–ú–∞—è–∫,node,–°–∞–Ω–∫—Ç-–ü–µ—Ç–µ—Ä–±—É—Ä–≥,0
MiniLM-12-L6,Architectural landmarks,7,12025422409,–ê–Ω–≥–µ–ª,node,–°–∞–Ω–∫—Ç-–ü–µ—Ç–µ—Ä–±—É—Ä–≥,0
MiniLM-12-L6,Architectural landmarks,8,6504554185,–ê–Ω–≥–µ–ª,node,–ï–∫–∞—Ç–µ—Ä–∏–Ω–±—É—Ä–≥,0
MiniLM-12-L6,Architectural landmarks,9,10928760626,–ú–∏–∫–µ–ª–∞–Ω–¥–∂–µ–ª–æ,node,–£—Ñ–∞,0
MiniLM-12-L6,Architectural landmarks,10,1594944814,–ö–æ–Ω—å –ö–ª–æ–¥—Ç–∞,node,–°–∞–Ω–∫—Ç-–ü–µ—Ç–µ—Ä–±—É—Ä–≥,0
MiniLM-12-L6,Family-friendly attractions,1,8039445848,Kids berry,node,–ï–∫–∞—Ç–µ—Ä–∏–Ω–±—É—Ä–≥,1
MiniLM-12-L6,Family-friendly attractions,2,12022609237,Smile Park,node,–ù–∏–∂–Ω–∏–π –ù–æ–≤–≥–æ—Ä–æ–¥,1
MiniLM-12-L6,Family-friendly attractions,3,3668045419,Baby Boom,node,–ï–∫–∞—Ç–µ—Ä–∏–Ω–±—É—Ä–≥,1
MiniLM-12-L6,Family-friendly attractions,4,10312726859,Ekaterinburg EXPO,node,–ï–∫–∞—Ç–µ—Ä–∏–Ω–±—É—Ä–≥,1
MiniLM-12-L6,Family-friendly attractions,5,11880691402,Fun city,node,–ö–∞–∑–∞–Ω—å,1
MiniLM-12-L6,Family-friendly attractions,6,11447057136,Happy City,node,–°–∞–Ω–∫—Ç-–ü–µ—Ç–µ—Ä–±—É—Ä–≥,1
MiniLM-12-L6,Family-friendly attractions,7,4285859090,KidZania,node,–ú–æ—Å–∫–≤–∞,1
MiniLM-12-L6,Family-friendly attractions,8,11309290451,Bubble Gum,node,–ú–æ—Å–∫–≤–∞,1
MiniLM-12-L6,Family-friendly attractions,9,9898070642,Dig it,node,–ú–æ—Å–∫–≤–∞,0
MiniLM-12-L6,Family-friendly attractions,10,10601271076,Smile Park,node,–°–∞–Ω–∫—Ç-–ü–µ—Ç–µ—Ä–±—É—Ä–≥,1
MiniLM-12-L6,Outdoor sports facilities,1,3398641608,SKYLIFE,node,–°–∞–Ω–∫—Ç-–ü–µ—Ç–µ—Ä–±—É—Ä–≥,0
MiniLM-12-L6,Outdoor sports facilities,2,1880462691,Active Park,node,–ï–∫–∞—Ç–µ—Ä–∏–Ω–±—É—Ä–≥,1
MiniLM-12-L6,Outdoor sports facilities,3,4575746389,LeMans,node,–ú–æ—Å–∫–≤–∞,0
MiniLM-12-L6,Outdoor sports facilities,4,9420138817,SunSport,node,–ù–∏–∂–Ω–∏–π –ù–æ–≤–≥–æ—Ä–æ–¥,1
MiniLM-12-L6,Outdoor sports facilities,5,12780162315,CoolTennis,node,–ú–æ—Å–∫–≤–∞,1
MiniLM-12-L6,Outdoor sports facilities,6,11104674882,Cs,node,–°–∞–Ω–∫—Ç-–ü–µ—Ç–µ—Ä–±—É—Ä–≥,0
MiniLM-12-L6,Outdoor sports facilities,7,12866670411,–û–∫—Ç—è–±—Ä—å,node,–ú–æ—Å–∫–≤–∞,0
MiniLM-12-L6,Outdoor sports facilities,8,11104690846,Sporterius,node,–ï–∫–∞—Ç–µ—Ä–∏–Ω–±—É—Ä–≥,1
MiniLM-12-L6,Outdoor sports facilities,9,3710470114,GreenCity,node,–ú–æ—Å–∫–≤–∞,0
MiniLM-12-L6,Outdoor sports facilities,10,6133192019,Range,node,–°–∞–Ω–∫—Ç-–ü–µ—Ç–µ—Ä–±—É—Ä–≥,0
MiniLM-12-L6,Live music venues,1,656688748,Karaoke-Hall Heaven,node,–°–∞–Ω–∫—Ç-–ü–µ—Ç–µ—Ä–±—É—Ä–≥,1
MiniLM-12-L6,Live music venues,2,4415983679,Music Hall 27,node,–£—Ñ–∞,1
MiniLM-12-L6,Live music venues,3,6598784981,Arena,node,–ú–æ—Å–∫–≤–∞,0
MiniLM-12-L6,Live music venues,4,6745453128,Skybeat,node,–ú–æ—Å–∫–≤–∞,0
MiniLM-12-L6,Live music venues,5,8521187539,BabyDance,node,–£—Ñ–∞,0
MiniLM-12-L6,Live music venues,6,1885045692,Mixzone,node,–ù–∏–∂–Ω–∏–π –ù–æ–≤–≥–æ—Ä–æ–¥,0
MiniLM-12-L6,Live music venues,7,10312726860,MTS Hall,node,–ï–∫–∞—Ç–µ—Ä–∏–Ω–±—É—Ä–≥,0
MiniLM-12-L6,Live music venues,8,12015391725,Republic,node,–ú–æ—Å–∫–≤–∞,0
MiniLM-12-L6,Live music venues,9,7309191218,Live8,node,–ú–æ—Å–∫–≤–∞,0
MiniLM-12-L6,Live music venues,10,2442301024,Oscar,node,–ú–æ—Å–∫–≤–∞,0
MiniLM-12-L6,Nightlife bars,1,3312002399,Lights,node,–ú–æ—Å–∫–≤–∞,1
MiniLM-12-L6,Nightlife bars,2,2277432451,Central bar,node,–ù–∏–∂–Ω–∏–π –ù–æ–≤–≥–æ—Ä–æ–¥,1
MiniLM-12-L6,Nightlife bars,3,5146412362,Music Bar 11,node,–°–∞–Ω–∫—Ç-–ü–µ—Ç–µ—Ä–±—É—Ä–≥,0
MiniLM-12-L6,Nightlife bars,4,4457908217,Drunk Punk,node,–ú–æ—Å–∫–≤–∞,1
MiniLM-12-L6,Nightlife bars,5,5301656311,Girls & Gentelmens,node,–°–∞–Ω–∫—Ç-–ü–µ—Ç–µ—Ä–±—É—Ä–≥,1
MiniLM-12-L6,Nightlife bars,6,11083589898,Auf,node,–ú–æ—Å–∫–≤–∞,0
MiniLM-12-L6,Nightlife bars,7,11482410998,Vibe,node,–ú–æ—Å–∫–≤–∞,0
MiniLM-12-L6,Nightlife bars,8,8635374111,BarBoss,node,–°–∞–Ω–∫—Ç-–ü–µ—Ç–µ—Ä–±—É—Ä–≥,0
MiniLM-12-L6,Nightlife bars,9,3049504027,Dream zone,node,–°–∞–Ω–∫—Ç-–ü–µ—Ç–µ—Ä–±—É—Ä–≥,1
MiniLM-12-L6,Nightlife bars,10,9814971403,Ravez,node,–ö–∞–∑–∞–Ω—å,1
MiniLM-12-L6,Street food markets,1,7806292235,Eat Market,node,–ú–æ—Å–∫–≤–∞,1
MiniLM-12-L6,Street food markets,2,9394367238,Eat Market,node,–ú–æ—Å–∫–≤–∞,1
MiniLM-12-L6,Street food markets,3,12222207431,Street Food Maniac's,node,–ú–æ—Å–∫–≤–∞,1
MiniLM-12-L6,Street food markets,4,3014923278,MarketPlace,node,–°–∞–Ω–∫—Ç-–ü–µ—Ç–µ—Ä–±—É—Ä–≥,1
MiniLM-12-L6,Street food markets,5,11331896044,Food Way,node,–ú–æ—Å–∫–≤–∞,1
MiniLM-12-L6,Street food markets,6,9250488118,Nuts & Berries,node,–ú–æ—Å–∫–≤–∞,1
MiniLM-12-L6,Street food markets,7,2556197935,Cityfood,node,–ú–æ—Å–∫–≤–∞,1
MiniLM-12-L6,Street food markets,8,7926404085,Extra Spices,node,–°–∞–Ω–∫—Ç-–ü–µ—Ç–µ—Ä–±—É—Ä–≥,1
MiniLM-12-L6,Street food markets,9,4396235089,Leth,node,–°–∞–Ω–∫—Ç-–ü–µ—Ç–µ—Ä–±—É—Ä–≥,0
MiniLM-12-L6,Street food markets,10,4916438925,Chef's,node,–ú–æ—Å–∫–≤–∞,0
MiniLM-12-L6,Boat tours,1,6556018935,–ü–∞—Ä—É—Å–Ω–∏–∫,node,–°–∞–Ω–∫—Ç-–ü–µ—Ç–µ—Ä–±—É—Ä–≥,1
MiniLM-12-L6,Boat tours,2,4691413293,–ü–æ–¥–≤–æ–¥–Ω–∞—è –ª–æ–¥–∫–∞,node,–£—Ñ–∞,1
MiniLM-12-L6,Boat tours,3,9223626265,–Ø—Ö—Ç-–ö–ª—É–± –†–∏–≤–µ—Ä –ü–∞—Ä–∫ –ù–∞–≥–∞—Ç–∏–Ω–æ,node,–ú–æ—Å–∫–≤–∞,1
MiniLM-12-L6,Boat tours,4,9823496617,pofortam.ru,node,–°–∞–Ω–∫—Ç-–ü–µ—Ç–µ—Ä–±—É—Ä–≥,0
MiniLM-12-L6,Boat tours,5,4143394804,–ö–æ—Ä–∞–±–ª—å-–ø—Ä–∏–∑—Ä–∞–∫,node,–ú–æ—Å–∫–≤–∞,1
MiniLM-12-L6,Boat tours,6,1350444905,–ü—Ä–∏—á–∞–ª ‚Ññ8,node,–ú–æ—Å–∫–≤–∞,1
MiniLM-12-L6,Boat tours,7,1240007898,–ü–æ—Ç–∞—ë–Ω–Ω–æ–µ —Å—É–¥–Ω–æ –ù–∏–∫–æ–Ω–æ–≤–∞,node,–°–∞–Ω–∫—Ç-–ü–µ—Ç–µ—Ä–±—É—Ä–≥,0
MiniLM-12-L6,Boat tours,8,5030292121,2 —è–∫–æ—Ä—è,node,–°–∞–Ω–∫—Ç-–ü–µ—Ç–µ—Ä–±—É—Ä–≥,0
MiniLM-12-L6,Boat tours,9,9053046141,SeaFort,node,–°–∞–Ω–∫—Ç-–ü–µ—Ç–µ—Ä–±—É—Ä–≥,1
MiniLM-12-L6,Boat tours,10,3637771975,–ü—Ä–∏—á–∞–ª ‚Ññ10,node,–ú–æ—Å–∫–≤–∞,1
MiniLM-12-L6,Modern art installations,1,800277882,Era,node,–°–∞–Ω–∫—Ç-–ü–µ—Ç–µ—Ä–±—É—Ä–≥,0
MiniLM-12-L6,Modern art installations,2,5178406860,11.12,node,–ú–æ—Å–∫–≤–∞,0
MiniLM-12-L6,Modern art installations,3,10069720742,Don't forget to learn English,node,–°–∞–Ω–∫—Ç-–ü–µ—Ç–µ—Ä–±—É—Ä–≥,0
MiniLM-12-L6,Modern art installations,4,5546742952,Apelles,node,–°–∞–Ω–∫—Ç-–ü–µ—Ç–µ—Ä–±—É—Ä–≥,0
MiniLM-12-L6,Modern art installations,5,11013410901,ArtTerria,node,–£—Ñ–∞,1
MiniLM-12-L6,Modern art installations,6,12066720102,Art-Way,node,–°–∞–Ω–∫—Ç-–ü–µ—Ç–µ—Ä–±—É—Ä–≥,1
MiniLM-12-L6,Modern art installations,7,10845639171,Eva Art,node,–ú–æ—Å–∫–≤–∞,1
MiniLM-12-L6,Modern art installations,8,5570352159,Rembrant,node,–°–∞–Ω–∫—Ç-–ü–µ—Ç–µ—Ä–±—É—Ä–≥,0
MiniLM-12-L6,Modern art installations,9,4732344922,Union Art,node,–°–∞–Ω–∫—Ç-–ü–µ—Ç–µ—Ä–±—É—Ä–≥,1
MiniLM-12-L6,Modern art installations,10,7734616137,Artdynamics,node,–ú–æ—Å–∫–≤–∞,1
MiniLM-12-L6,Botanical gardens,1,6580324061,My Favourite Garden,node,–°–∞–Ω–∫—Ç-–ü–µ—Ç–µ—Ä–±—É—Ä–≥,1
MiniLM-12-L6,Botanical gardens,2,4945809422,–ë–æ—Ç–∞–Ω–∏—á–µ—Å–∫–∏–π —Å–∞–¥ –î–≤–æ—Ä—Ü–∞ –ø–∏–æ–Ω–µ—Ä–æ–≤,node,–ú–æ—Å–∫–≤–∞,1
MiniLM-12-L6,Botanical gardens,3,10902401409,–ú–Ω–æ–≥–æ–ª–µ—Ç–Ω–∏–µ —Ç—Ä–∞–≤—è–Ω–∏—Å—Ç—ã–µ —Ä–∞—Å—Ç–µ–Ω–∏—è –∫–ª–∞—Å—Å–∞ –æ–¥–Ω–æ–¥–æ–ª—å–Ω—ã–µ,node,–°–∞–Ω–∫—Ç-–ü–µ—Ç–µ—Ä–±—É—Ä–≥,1
MiniLM-12-L6,Botanical gardens,4,11923913770,–ü–µ—Ä–≤–æ—Ü–≤–µ—Ç—ã –∏ –æ—Ä—Ö–∏–¥–µ–∏,node,–°–∞–Ω–∫—Ç-–ü–µ—Ç–µ—Ä–±—É—Ä–≥,1
MiniLM-12-L6,Botanical gardens,5,7762057987,–§–æ—Ä–∑–∏—Ü–∏—è –∑–µ–ª–µ–Ω–µ–π—à–∞—è Forsythia viridissima Lindl.,node,–ú–æ—Å–∫–≤–∞,1
MiniLM-12-L6,Botanical gardens,6,7165947158,–ö—Ä–∞—Å–Ω–æ–∫–Ω–∏–∂–Ω—ã–µ –≤–∏–¥—ã —Ä–∞—Å—Ç–µ–Ω–∏–π,node,–ú–æ—Å–∫–≤–∞,1
MiniLM-12-L6,Botanical gardens,7,7826279790,–°–∏—Ä–µ–Ω—å –æ–±—ã–∫–Ω–æ–≤–µ–Ω–Ω–∞—è Syr√≠nga vulg√°ris; –§–æ—Ä–∑–∏—Ü–∏—è –∑–µ–ª–µ–Ω–µ–π—à–∞—è Forsythia viridissima,node,–ú–æ—Å–∫–≤–∞,1
MiniLM-12-L6,Botanical gardens,8,3595282962,–õ–µ—Ç–Ω–∏–π —Å–∞–¥,node,–°–∞–Ω–∫—Ç-–ü–µ—Ç–µ—Ä–±—É—Ä–≥,1
MiniLM-12-L6,Botanical gardens,9,5652382524,–õ–µ—Ç–Ω–∏–π —Å–∞–¥,node,–°–∞–Ω–∫—Ç-–ü–µ—Ç–µ—Ä–±—É—Ä–≥,1
MiniLM-12-L6,Botanical gardens,10,9672069730,–ü–∏–æ–Ω—ã –î—Ä–µ–≤–æ–≤–∏–¥–Ω—ã–µ —è–ø–æ–Ω—Å–∫–æ–π —Å–µ–ª–µ–∫—Ü–∏–∏. –ü–æ—Å–∞–∂–µ–Ω—ã –≤ 2016,node,–°–∞–Ω–∫—Ç-–ü–µ—Ç–µ—Ä–±—É—Ä–≥,1
MiniLM-12-L6,Museums with interactive exhibits,1,7794915044,Movie Art,node,–°–∞–Ω–∫—Ç-–ü–µ—Ç–µ—Ä–±—É—Ä–≥,1
MiniLM-12-L6,Museums with interactive exhibits,2,5546742961,Daidalos,node,–°–∞–Ω–∫—Ç-–ü–µ—Ç–µ—Ä–±—É—Ä–≥,0
MiniLM-12-L6,Museums with interactive exhibits,3,11279466833,C,node,–ï–∫–∞—Ç–µ—Ä–∏–Ω–±—É—Ä–≥,0
MiniLM-12-L6,Museums with interactive exhibits,4,7734616137,Artdynamics,node,–ú–æ—Å–∫–≤–∞,1
MiniLM-12-L6,Museums with interactive exhibits,5,5182058513,–í–µ–ª–ª—É–º,node,–ú–æ—Å–∫–≤–∞,0
MiniLM-12-L6,Museums with interactive exhibits,6,2324541415,X-Max,node,–£—Ñ–∞,0
MiniLM-12-L6,Museums with interactive exhibits,7,4353687690,–õ–∞—Ç–æ–Ω–∞,node,–°–∞–Ω–∫—Ç-–ü–µ—Ç–µ—Ä–±—É—Ä–≥,0
MiniLM-12-L6,Museums with interactive exhibits,8,5546742958,Scopas,node,–°–∞–Ω–∫—Ç-–ü–µ—Ç–µ—Ä–±—É—Ä–≥,0
MiniLM-12-L6,Museums with interactive exhibits,9,4808351028,Studio Enthusiasm,node,–°–∞–Ω–∫—Ç-–ü–µ—Ç–µ—Ä–±—É—Ä–≥,0
MiniLM-12-L6,Museums with interactive exhibits,10,5546742952,Apelles,node,–°–∞–Ω–∫—Ç-–ü–µ—Ç–µ—Ä–±—É—Ä–≥,0
MiniLM-12-L6,Historic cathedrals,1,2328204167,–•—Ä–∞–º –≤–æ –∏–º—è —Å–≤—è—Ç—ã—Ö –ë–æ–∂–∏–∏—Ö —Å—Ç—Ä–æ–∏—Ç–µ–ª–µ–π,node,–ï–∫–∞—Ç–µ—Ä–∏–Ω–±—É—Ä–≥,1
MiniLM-12-L6,Historic cathedrals,2,9739349735,–ü–∞–º—è—Ç–Ω–∏–∫ —à–µ—Ñ—É –ª–µ–π–±-–≥–≤–∞—Ä–¥–∏–∏ –ö–æ–Ω–Ω–æ-–≥—Ä–µ–Ω–∞–¥—ë—Ä—Å–∫–æ–≥–æ –ø–æ–ª–∫–∞ –≤–µ–ª–∏–∫–æ–º—É –∫–Ω—è–∑—é –ú–∏—Ö–∞–∏–ª—É –ù–∏–∫–æ–ª–∞–µ–≤–∏—á—É,node,–°–∞–Ω–∫—Ç-–ü–µ—Ç–µ—Ä–±—É—Ä–≥,1
MiniLM-12-L6,Historic cathedrals,3,6711606800,"–•—Ä–∞–º –≤–æ –∏–º—è —Å–≤—è—Ç–∏—Ç–µ–ª—è –ò–Ω–æ–∫–µ–Ω—Ç–∏—è, –º–∏—Ç—Ä–æ–ø–æ–ª–∏—Ç–∞ –ú–æ—Å–∫–æ–≤—Å–∫–æ–≥–æ",node,–ï–∫–∞—Ç–µ—Ä–∏–Ω–±—É—Ä–≥,1
MiniLM-12-L6,Historic cathedrals,4,1170985313,–£—Å—ã–ø–∞–ª—å–Ω–∏—Ü–∞ —Å–≤. –ø—Ä–≤. –ò–æ–∞–Ω–Ω–∞ –ö—Ä–æ–Ω—à—Ç–∞–¥—Å–∫–æ–≥–æ,node,–°–∞–Ω–∫—Ç-–ü–µ—Ç–µ—Ä–±—É—Ä–≥,0
MiniLM-12-L6,Historic cathedrals,5,1780027932,–•—Ä–∞–º –≤–æ –∏–º—è —Å–≤—è—Ç—ã—Ö —Ä–∞–≤–Ω–æ–∞–ø–æ—Å—Ç–æ–ª—å–Ω—ã—Ö –ö–∏—Ä–∏–ª–ª–∞ –∏ –ú–µ—Ñ–æ–¥–∏—è –ø—Ä–∏ –ï–ü–î–°,node,–ï–∫–∞—Ç–µ—Ä–∏–Ω–±—É—Ä–≥,1
MiniLM-12-L6,Historic cathedrals,6,3484120452,–£—Å—ã–ø–∞–ª—å–Ω–∏—Ü–∞ –±–æ—è—Ä –†–æ–º–∞–Ω–æ–≤—ã—Ö,node,–ú–æ—Å–∫–≤–∞,1
MiniLM-12-L6,Historic cathedrals,7,12861310278,1905,node,–ú–æ—Å–∫–≤–∞,0
MiniLM-12-L6,Historic cathedrals,8,6483757774,–¶–µ—Ä–∫–æ–≤—å –ò–æ–∞–Ω–Ω–∞ –ë–æ–≥–æ—Å–ª–æ–≤–∞,node,–ù–∏–∂–Ω–∏–π –ù–æ–≤–≥–æ—Ä–æ–¥,1
MiniLM-12-L6,Historic cathedrals,9,12533747497,–°–≤—è—Ç–∞—è –°–æ—Ñ–∏—è,node,–ú–æ—Å–∫–≤–∞,1
MiniLM-12-L6,Historic cathedrals,10,11335355286,–ú–µ—Å—Ç–æ –°—Ç—Ä–∞—Å—Ç–Ω–æ–≥–æ –°–æ–±–æ—Ä–∞,node,–ú–æ—Å–∫–≤–∞,1
MiniLM-12-L6,Science museums,1,11279466833,C,node,–ï–∫–∞—Ç–µ—Ä–∏–Ω–±—É—Ä–≥,0
MiniLM-12-L6,Science museums,2,7794915044,Movie Art,node,–°–∞–Ω–∫—Ç-–ü–µ—Ç–µ—Ä–±—É—Ä–≥,0
MiniLM-12-L6,Science museums,3,5546742958,Scopas,node,–°–∞–Ω–∫—Ç-–ü–µ—Ç–µ—Ä–±—É—Ä–≥,0
MiniLM-12-L6,Science museums,4,5546742953,Zeyxis,node,–°–∞–Ω–∫—Ç-–ü–µ—Ç–µ—Ä–±—É—Ä–≥,0
MiniLM-12-L6,Science museums,5,5546742961,Daidalos,node,–°–∞–Ω–∫—Ç-–ü–µ—Ç–µ—Ä–±—É—Ä–≥,0
MiniLM-12-L6,Science museums,6,9017478664,Biotheatre,node,–ú–æ—Å–∫–≤–∞,0
MiniLM-12-L6,Science museums,7,7734616137,Artdynamics,node,–ú–æ—Å–∫–≤–∞,0
MiniLM-12-L6,Science museums,8,8781254881,–ó–º–µ—è,node,–°–∞–Ω–∫—Ç-–ü–µ—Ç–µ—Ä–±—É—Ä–≥,0
MiniLM-12-L6,Science museums,9,11687906065,Jordan,node,–ú–æ—Å–∫–≤–∞,0
MiniLM-12-L6,Science museums,10,10069720742,Don't forget to learn English,node,–°–∞–Ω–∫—Ç-–ü–µ—Ç–µ—Ä–±—É—Ä–≥,0
MiniLM-12-L6,Children's playgrounds,1,10910607677,KIDDY GO,node,–ï–∫–∞—Ç–µ—Ä–∏–Ω–±—É—Ä–≥,1
MiniLM-12-L6,Children's playgrounds,2,11465707684,Mini Land,node,–°–∞–Ω–∫—Ç-–ü–µ—Ç–µ—Ä–±—É—Ä–≥,1
MiniLM-12-L6,Children's playgrounds,3,11447072748,Digger Ground,node,–°–∞–Ω–∫—Ç-–ü–µ—Ç–µ—Ä–±—É—Ä–≥,0
MiniLM-12-L6,Children's playgrounds,4,11196172823,BabyHall27,node,–£—Ñ–∞,1
MiniLM-12-L6,Children's playgrounds,5,8039445848,Kids berry,node,–ï–∫–∞—Ç–µ—Ä–∏–Ω–±—É—Ä–≥,1
MiniLM-12-L6,Children's playgrounds,6,4035479146,Boogie-Woogie,node,–ú–æ—Å–∫–≤–∞,1
MiniLM-12-L6,Children's playgrounds,7,10601271076,Smile Park,node,–°–∞–Ω–∫—Ç-–ü–µ—Ç–µ—Ä–±—É—Ä–≥,1
MiniLM-12-L6,Children's playgrounds,8,10601271079,Smile Park,node,–°–∞–Ω–∫—Ç-–ü–µ—Ç–µ—Ä–±—É—Ä–≥,1
MiniLM-12-L6,Children's playgrounds,9,12022609237,Smile Park,node,–ù–∏–∂–Ω–∏–π –ù–æ–≤–≥–æ—Ä–æ–¥,1
MiniLM-12-L6,Children's playgrounds,10,11880691402,Fun city,node,–ö–∞–∑–∞–Ω—å,1
MiniLM-12-L6,Rooftop bars,1,6710263885,Roof place,node,–°–∞–Ω–∫—Ç-–ü–µ—Ç–µ—Ä–±—É—Ä–≥,1
MiniLM-12-L6,Rooftop bars,2,7919936887,Roof Cocktail Bar,node,–ö–∞–∑–∞–Ω—å,1
MiniLM-12-L6,Rooftop bars,3,5757244721,Hi Hat Rooftop,node,–°–∞–Ω–∫—Ç-–ü–µ—Ç–µ—Ä–±—É—Ä–≥,1
MiniLM-12-L6,Rooftop bars,4,11981670674,Maxim Bar,node,–ú–æ—Å–∫–≤–∞,1
MiniLM-12-L6,Rooftop bars,5,3329715117,Tesla,node,–°–∞–Ω–∫—Ç-–ü–µ—Ç–µ—Ä–±—É—Ä–≥,0
MiniLM-12-L6,Rooftop bars,6,6867186729,Grass-hopper,node,–ú–æ—Å–∫–≤–∞,0
MiniLM-12-L6,Rooftop bars,7,3523987249,City Space Bar,node,–ú–æ—Å–∫–≤–∞,1
MiniLM-12-L6,Rooftop bars,8,5995693785,Factory 3,node,–°–∞–Ω–∫—Ç-–ü–µ—Ç–µ—Ä–±—É—Ä–≥,0
MiniLM-12-L6,Rooftop bars,9,942543225,Mr.Ambar,node,–ú–æ—Å–∫–≤–∞,0
MiniLM-12-L6,Rooftop bars,10,5025114641,Lounge Bar,node,–ú–æ—Å–∫–≤–∞,1
MiniLM-12-L6,Vegan restaurants,1,1290022206,Go Vegan,node,–°–∞–Ω–∫—Ç-–ü–µ—Ç–µ—Ä–±—É—Ä–≥,1
MiniLM-12-L6,Vegan restaurants,2,8939177818,Vegan day,node,–ö–∞–∑–∞–Ω—å,1
MiniLM-12-L6,Vegan restaurants,3,8721492117,Llamas Vegan Shop,node,–°–∞–Ω–∫—Ç-–ü–µ—Ç–µ—Ä–±—É—Ä–≥,1
MiniLM-12-L6,Vegan restaurants,4,12889220085,Seed by Vegan Day,node,–ö–∞–∑–∞–Ω—å,1
MiniLM-12-L6,Vegan restaurants,5,8234070628,Lars Vegans,node,–ú–æ—Å–∫–≤–∞,1
MiniLM-12-L6,Vegan restaurants,6,2402541808,Beverly Hills Diner,node,–ú–æ—Å–∫–≤–∞,0
MiniLM-12-L6,Vegan restaurants,7,6147321027,Meat-man,node,–ú–æ—Å–∫–≤–∞,0
MiniLM-12-L6,Vegan restaurants,8,12071727116,Grand Crew,node,–ú–æ—Å–∫–≤–∞,0
MiniLM-12-L6,Vegan restaurants,9,5780675866,–ú—è—Å–Ω–æ–π –∫–ª—É–±,node,–°–∞–Ω–∫—Ç-–ü–µ—Ç–µ—Ä–±—É—Ä–≥,0
MiniLM-12-L6,Vegan restaurants,10,3649315957,Meat grill,node,–ö–∞–∑–∞–Ω—å,0
MiniLM-12-L6,Photography spots,1,5259677323,Art of Foto,node,–°–∞–Ω–∫—Ç-–ü–µ—Ç–µ—Ä–±—É—Ä–≥,0
MiniLM-12-L6,Photography spots,2,5031236506,Inner Voice,node,–°–∞–Ω–∫—Ç-–ü–µ—Ç–µ—Ä–±—É—Ä–≥,0
MiniLM-12-L6,Photography spots,3,10780020660,Elohovskiy gallery,node,–ú–æ—Å–∫–≤–∞,1
MiniLM-12-L6,Photography spots,4,4808351028,Studio Enthusiasm,node,–°–∞–Ω–∫—Ç-–ü–µ—Ç–µ—Ä–±—É—Ä–≥,1
MiniLM-12-L6,Photography spots,5,11230921890,Official pilots weather forecasting stone,node,–°–∞–Ω–∫—Ç-–ü–µ—Ç–µ—Ä–±—É—Ä–≥,0
MiniLM-12-L6,Photography spots,6,11155987778,G1,node,–ú–æ—Å–∫–≤–∞,0
MiniLM-12-L6,Photography spots,7,5546742952,Apelles,node,–°–∞–Ω–∫—Ç-–ü–µ—Ç–µ—Ä–±—É—Ä–≥,0
MiniLM-12-L6,Photography spots,8,5553493451,Pichler,node,–°–∞–Ω–∫—Ç-–ü–µ—Ç–µ—Ä–±—É—Ä–≥,0
MiniLM-12-L6,Photography spots,9,12022630128,DKRT,node,–ù–∏–∂–Ω–∏–π –ù–æ–≤–≥–æ—Ä–æ–¥,0
MiniLM-12-L6,Photography spots,10,6002677051,Nadja Brykina Gallery,node,–ú–æ—Å–∫–≤–∞,0
MiniLM-12-L6,Local craft markets,1,4597004763,Mary Melody,node,–°–∞–Ω–∫—Ç-–ü–µ—Ç–µ—Ä–±—É—Ä–≥,0
MiniLM-12-L6,Local craft markets,2,4501548339,IDEA,node,–ú–æ—Å–∫–≤–∞,0
MiniLM-12-L6,Local craft markets,3,11426716777,Gift Idea,node,–°–∞–Ω–∫—Ç-–ü–µ—Ç–µ—Ä–±—É—Ä–≥,1
MiniLM-12-L6,Local craft markets,4,2788217082,Markin,node,–ú–æ—Å–∫–≤–∞,1
MiniLM-12-L6,Local craft markets,5,9833359718,Ozon,node,–ï–∫–∞—Ç–µ—Ä–∏–Ω–±—É—Ä–≥,0
MiniLM-12-L6,Local craft markets,6,11164689526,Jewelry laboratory,node,–ö–∞–∑–∞–Ω—å,0
MiniLM-12-L6,Local craft markets,7,5772756384,Boucheron,node,–ú–æ—Å–∫–≤–∞,0
MiniLM-12-L6,Local craft markets,8,11755821784,The Veter,node,–ú–æ—Å–∫–≤–∞,0
MiniLM-12-L6,Local craft markets,9,2406319077,Witch Store,node,–°–∞–Ω–∫—Ç-–ü–µ—Ç–µ—Ä–±—É—Ä–≥,0
MiniLM-12-L6,Local craft markets,10,5563374547,Onegin,node,–°–∞–Ω–∫—Ç-–ü–µ—Ç–µ—Ä–±—É—Ä–≥,0
MiniLM-12-L6,Quiet cafes with wifi,1,1557141338,Terminal,node,–°–∞–Ω–∫—Ç-–ü–µ—Ç–µ—Ä–±—É—Ä–≥,0
MiniLM-12-L6,Quiet cafes with wifi,2,8880779553,Root,node,–°–∞–Ω–∫—Ç-–ü–µ—Ç–µ—Ä–±—É—Ä–≥,0
MiniLM-12-L6,Quiet cafes with wifi,3,7200259185,WTF?!,node,–ú–æ—Å–∫–≤–∞,0
MiniLM-12-L6,Quiet cafes with wifi,4,12356155628,F13,node,–°–∞–Ω–∫—Ç-–ü–µ—Ç–µ—Ä–±—É—Ä–≥,0
MiniLM-12-L6,Quiet cafes with wifi,5,11083658936,Next,node,–£—Ñ–∞,0
MiniLM-12-L6,Quiet cafes with wifi,6,11586133769,Omega,node,–°–∞–Ω–∫—Ç-–ü–µ—Ç–µ—Ä–±—É—Ä–≥,0
MiniLM-12-L6,Quiet cafes with wifi,7,8818535178,Ladoga,node,–°–∞–Ω–∫—Ç-–ü–µ—Ç–µ—Ä–±—É—Ä–≥,0
MiniLM-12-L6,Quiet cafes with wifi,8,11747627155,ShakerX,node,–£—Ñ–∞,0
MiniLM-12-L6,Quiet cafes with wifi,9,12139427306,Provoda,node,–ï–∫–∞—Ç–µ—Ä–∏–Ω–±—É—Ä–≥,0
MiniLM-12-L6,Quiet cafes with wifi,10,10990184215,Press F,node,–ö–∞–∑–∞–Ω—å,0
MiniLM-12-L6,Hiking trails,1,7853544152,Mountain,node,–ú–æ—Å–∫–≤–∞,1
MiniLM-12-L6,Hiking trails,2,8002372982,–ö–∞–ª–∏–Ω–æ–≤–∫–∞ Trail bike park,node,–ï–∫–∞—Ç–µ—Ä–∏–Ω–±—É—Ä–≥,1
MiniLM-12-L6,Hiking trails,3,10896438099,–°–ø—É—Å–∫ —Å–æ –ª—å–≤–∞–º–∏,node,–°–∞–Ω–∫—Ç-–ü–µ—Ç–µ—Ä–±—É—Ä–≥,0
MiniLM-12-L6,Hiking trails,4,11755636949,Alpine Skiing,node,–ú–æ—Å–∫–≤–∞,1
MiniLM-12-L6,Hiking trails,5,4359230250,–ì–µ–ª—å—Å–∏–Ω–≥—Ñ–æ—Ä—Å—Å–∫–∞—è –¥–æ—Ä–æ–∂–∫–∞,node,–°–∞–Ω–∫—Ç-–ü–µ—Ç–µ—Ä–±—É—Ä–≥,1
MiniLM-12-L6,Hiking trails,6,11737471485,–õ—ã–∂–Ω–∞—è —Ç—Ä–∞—Å—Å–∞,node,–ú–æ—Å–∫–≤–∞,1
MiniLM-12-L6,Hiking trails,7,11737471489,–õ—ã–∂–Ω–∞—è —Ç—Ä–∞—Å—Å–∞,node,–ú–æ—Å–∫–≤–∞,1
MiniLM-12-L6,Hiking trails,8,11737471494,–õ—ã–∂–Ω–∞—è —Ç—Ä–∞—Å—Å–∞,node,–ú–æ—Å–∫–≤–∞,1
MiniLM-12-L6,Hiking trails,9,11737471513,–õ—ã–∂–Ω–∞—è —Ç—Ä–∞—Å—Å–∞,node,–ú–æ—Å–∫–≤–∞,1
MiniLM-12-L6,Hiking trails,10,7930655745,–õ–µ–¥–Ω–∏–∫,node,–ú–æ—Å–∫–≤–∞,0
MiniLM-12-L6,Cycling routes,1,12297237396,Rock the Cycle,node,–°–∞–Ω–∫—Ç-–ü–µ—Ç–µ—Ä–±—É—Ä–≥,1
MiniLM-12-L6,Cycling routes,2,6133192019,Range,node,–°–∞–Ω–∫—Ç-–ü–µ—Ç–µ—Ä–±—É—Ä–≥,1
MiniLM-12-L6,Cycling routes,3,11572366523,Crazy Cart,node,–£—Ñ–∞,0
MiniLM-12-L6,Cycling routes,4,9433646997,Fitlounge,node,–ú–æ—Å–∫–≤–∞,0
MiniLM-12-L6,Cycling routes,5,11646007720,Keep it surfy,node,–ú–æ—Å–∫–≤–∞,0
MiniLM-12-L6,Cycling routes,6,6555963360,Lonato Karting,node,–ú–æ—Å–∫–≤–∞,0
MiniLM-12-L6,Cycling routes,7,8914782891,TakeOffSurf,node,–°–∞–Ω–∫—Ç-–ü–µ—Ç–µ—Ä–±—É—Ä–≥,0
MiniLM-12-L6,Cycling routes,8,3875215497,Crossfit Flash,node,–ú–æ—Å–∫–≤–∞,0
MiniLM-12-L6,Cycling routes,9,11208564629,Rocky Rounds,node,–ú–æ—Å–∫–≤–∞,0
MiniLM-12-L6,Cycling routes,10,4085902639,Fly Park,node,–£—Ñ–∞,0
MiniLM-12-L6,Artisanal bakeries,1,11947948984,Maxime,node,–£—Ñ–∞,0
MiniLM-12-L6,Artisanal bakeries,2,10881725169,–Ø‚ù§Ô∏è–ü–µ–∫–∞—Ä–Ω—é,node,–£—Ñ–∞,1
MiniLM-12-L6,Artisanal bakeries,3,11565336167,Eggsellent,node,–ú–æ—Å–∫–≤–∞,0
MiniLM-12-L6,Artisanal bakeries,4,8052435126,Eggsellent,node,–ú–æ—Å–∫–≤–∞,0
MiniLM-12-L6,Artisanal bakeries,5,5997571788,GetGoodCake,node,–ï–∫–∞—Ç–µ—Ä–∏–Ω–±—É—Ä–≥,1
MiniLM-12-L6,Artisanal bakeries,6,12162494421,Dessert,node,–£—Ñ–∞,0
MiniLM-12-L6,Artisanal bakeries,7,10691274564,Remy Kitchen Bakery,node,–ú–æ—Å–∫–≤–∞,1
MiniLM-12-L6,Artisanal bakeries,8,8868503190,Farinaki,node,–ú–æ—Å–∫–≤–∞,0
MiniLM-12-L6,Artisanal bakeries,9,6918453212,Remy Kitchen Bakery,node,–ú–æ—Å–∫–≤–∞,1
MiniLM-12-L6,Artisanal bakeries,10,2362979229,Nature Bakery,node,–£—Ñ–∞,1
MiniLM-12-L6,Wine tasting rooms,1,8220572629,Ad Marginem A+A,node,–ú–æ—Å–∫–≤–∞,0
MiniLM-12-L6,Wine tasting rooms,2,5209087696,Palacio,node,–ú–æ—Å–∫–≤–∞,0
MiniLM-12-L6,Wine tasting rooms,3,3691168840,Todes,node,–ú–æ—Å–∫–≤–∞,0
MiniLM-12-L6,Wine tasting rooms,4,6019129986,Aroma,node,–ú–æ—Å–∫–≤–∞,0
MiniLM-12-L6,Wine tasting rooms,5,4535625319,Hemingway,node,–ö–∞–∑–∞–Ω—å,0
MiniLM-12-L6,Wine tasting rooms,6,9786046621,The Rooms,node,–ú–æ—Å–∫–≤–∞,0
MiniLM-12-L6,Wine tasting rooms,7,4799726343,Astoria Restaurant,node,–°–∞–Ω–∫—Ç-–ü–µ—Ç–µ—Ä–±—É—Ä–≥,0
MiniLM-12-L6,Wine tasting rooms,8,11766205789,Insight provenance,node,–ö–∞–∑–∞–Ω—å,0
MiniLM-12-L6,Wine tasting rooms,9,6455689885,Luce,node,–°–∞–Ω–∫—Ç-–ü–µ—Ç–µ—Ä–±—É—Ä–≥,0
MiniLM-12-L6,Wine tasting rooms,10,5098459823,Viktoria&Albert,node,–ú–æ—Å–∫–≤–∞,0
MiniLM-12-L6,Outdoor cinemas,1,4222561394,Sky Film,node,–°–∞–Ω–∫—Ç-–ü–µ—Ç–µ—Ä–±—É—Ä–≥,1
MiniLM-12-L6,Outdoor cinemas,2,9989248251,Mosspectacle,node,–ú–æ—Å–∫–≤–∞,0
MiniLM-12-L6,Outdoor cinemas,3,6979800434,CGV,node,–ú–æ—Å–∫–≤–∞,0
MiniLM-12-L6,Outdoor cinemas,4,430135770,Nescafe-IMAX,node,–ú–æ—Å–∫–≤–∞,1
MiniLM-12-L6,Outdoor cinemas,5,11908264402,Bliss Cinema,node,–°–∞–Ω–∫—Ç-–ü–µ—Ç–µ—Ä–±—É—Ä–≥,1
MiniLM-12-L6,Outdoor cinemas,6,10283929801,Woo-hoo!,node,–°–∞–Ω–∫—Ç-–ü–µ—Ç–µ—Ä–±—É—Ä–≥,0
MiniLM-12-L6,Outdoor cinemas,7,5392754821,7D,node,–°–∞–Ω–∫—Ç-–ü–µ—Ç–µ—Ä–±—É—Ä–≥,1
MiniLM-12-L6,Outdoor cinemas,8,6136486486,Skypark,node,–ö–∞–∑–∞–Ω—å,0
MiniLM-12-L6,Outdoor cinemas,9,4518802689,Selective Mirror,node,–ú–æ—Å–∫–≤–∞,0
MiniLM-12-L6,Outdoor cinemas,10,6419741555,ProShop,node,–°–∞–Ω–∫—Ç-–ü–µ—Ç–µ—Ä–±—É—Ä–≥,0
MiniLM-12-L6,Street art tours,1,10069720742,Don't forget to learn English,node,–°–∞–Ω–∫—Ç-–ü–µ—Ç–µ—Ä–±—É—Ä–≥,0
MiniLM-12-L6,Street art tours,2,12762588273,1+1=3,node,–ú–æ—Å–∫–≤–∞,0
MiniLM-12-L6,Street art tours,3,12132322538,–û–≤–µ–Ω,node,–ú–æ—Å–∫–≤–∞,0
MiniLM-12-L6,Street art tours,4,5553493446,Leonard de Vinci,node,–°–∞–Ω–∫—Ç-–ü–µ—Ç–µ—Ä–±—É—Ä–≥,1
MiniLM-12-L6,Street art tours,5,7734616137,Artdynamics,node,–ú–æ—Å–∫–≤–∞,1
MiniLM-12-L6,Street art tours,6,4925298349,NameGallery,node,–°–∞–Ω–∫—Ç-–ü–µ—Ç–µ—Ä–±—É—Ä–≥,1
MiniLM-12-L6,Street art tours,7,10698175380,Artstory,node,–ú–æ—Å–∫–≤–∞,1
MiniLM-12-L6,Street art tours,8,11230921890,Official pilots weather forecasting stone,node,–°–∞–Ω–∫—Ç-–ü–µ—Ç–µ—Ä–±—É—Ä–≥,0
MiniLM-12-L6,Street art tours,9,11279466833,C,node,–ï–∫–∞—Ç–µ—Ä–∏–Ω–±—É—Ä–≥,0
MiniLM-12-L6,Street art tours,10,12778921036,Change,node,–ú–æ—Å–∫–≤–∞,0
MiniLM-12-L6,Antique shops,1,5172231653,Byzance,node,–°–∞–Ω–∫—Ç-–ü–µ—Ç–µ—Ä–±—É—Ä–≥,0
MiniLM-12-L6,Antique shops,2,4748617136,Petek 1885 Outlet,node,–ú–æ—Å–∫–≤–∞,1
MiniLM-12-L6,Antique shops,3,10964054215,AllTime.RU,node,–£—Ñ–∞,0
MiniLM-12-L6,Antique shops,4,2399140022,Granate,node,–°–∞–Ω–∫—Ç-–ü–µ—Ç–µ—Ä–±—É—Ä–≥,0
MiniLM-12-L6,Antique shops,5,11738716372,Ma cherie,node,–£—Ñ–∞,0
MiniLM-12-L6,Antique shops,6,7120002062,Chester,node,–ù–∏–∂–Ω–∏–π –ù–æ–≤–≥–æ—Ä–æ–¥,0
MiniLM-12-L6,Antique shops,7,11164689526,Jewelry laboratory,node,–ö–∞–∑–∞–Ω—å,0
MiniLM-12-L6,Antique shops,8,2623543628,Buccellati,node,–ú–æ—Å–∫–≤–∞,0
MiniLM-12-L6,Antique shops,9,9779244219,Rich Family,node,–ï–∫–∞—Ç–µ—Ä–∏–Ω–±—É—Ä–≥,0
MiniLM-12-L6,Antique shops,10,2406319077,Witch Store,node,–°–∞–Ω–∫—Ç-–ü–µ—Ç–µ—Ä–±—É—Ä–≥,0
MiniLM-12-L6,Jazz clubs,1,4140882290,B.B. King,node,–°–∞–Ω–∫—Ç-–ü–µ—Ç–µ—Ä–±—É—Ä–≥,0
MiniLM-12-L6,Jazz clubs,2,3859356057,Jazz House,node,–ú–æ—Å–∫–≤–∞,1
MiniLM-12-L6,Jazz clubs,3,1865267462,J.F.C. Jazz Club,node,–°–∞–Ω–∫—Ç-–ü–µ—Ç–µ—Ä–±—É—Ä–≥,1
MiniLM-12-L6,Jazz clubs,4,11781249163,Boogie Man Music,node,–ú–æ—Å–∫–≤–∞,0
MiniLM-12-L6,Jazz clubs,5,10798706065,Dance Division,node,–ù–∏–∂–Ω–∏–π –ù–æ–≤–≥–æ—Ä–æ–¥,0
MiniLM-12-L6,Jazz clubs,6,10893432308,Honky Tonk,node,–ú–æ—Å–∫–≤–∞,0
MiniLM-12-L6,Jazz clubs,7,8593460798,Pedal Club,node,–ú–æ—Å–∫–≤–∞,0
MiniLM-12-L6,Jazz clubs,8,5589085523,1980,node,–ú–æ—Å–∫–≤–∞,0
MiniLM-12-L6,Jazz clubs,9,8121149352,1930 Moscow,node,–ú–æ—Å–∫–≤–∞,0
MiniLM-12-L6,Jazz clubs,10,11217181107,Pin-up,node,–°–∞–Ω–∫—Ç-–ü–µ—Ç–µ—Ä–±—É—Ä–≥,0
MiniLM-12-L6,Yoga studios,1,11828948840,Yoga Place,node,–°–∞–Ω–∫—Ç-–ü–µ—Ç–µ—Ä–±—É—Ä–≥,1
MiniLM-12-L6,Yoga studios,2,3587234793,I-yoga,node,–ú–æ—Å–∫–≤–∞,1
MiniLM-12-L6,Yoga studios,3,9713707917,Yoga Feel,node,–£—Ñ–∞,1
MiniLM-12-L6,Yoga studios,4,9713715817,Yoga Feel,node,–£—Ñ–∞,1
MiniLM-12-L6,Yoga studios,5,9713725417,Yoga Feel,node,–£—Ñ–∞,1
MiniLM-12-L6,Yoga studios,6,5447123330,Hot Yoga 36,node,–°–∞–Ω–∫—Ç-–ü–µ—Ç–µ—Ä–±—É—Ä–≥,1
MiniLM-12-L6,Yoga studios,7,7053094688,NYM Yoga,node,–ú–æ—Å–∫–≤–∞,1
MiniLM-12-L6,Yoga studios,8,4891311021,Bodies by design fitness,node,–ú–æ—Å–∫–≤–∞,1
MiniLM-12-L6,Yoga studios,9,9910450176,Homy Studio,node,–ú–æ—Å–∫–≤–∞,0
MiniLM-12-L6,Yoga studios,10,11598903663,MK studios,node,–°–∞–Ω–∫—Ç-–ü–µ—Ç–µ—Ä–±—É—Ä–≥,0
MiniLM-12-L6,Running clubs and marathons,1,9433646997,Fitlounge,node,–ú–æ—Å–∫–≤–∞,0
MiniLM-12-L6,Running clubs and marathons,2,12356532779,Iron club,node,–ö–∞–∑–∞–Ω—å,0
MiniLM-12-L6,Running clubs and marathons,3,4575746389,LeMans,node,–ú–æ—Å–∫–≤–∞,0
MiniLM-12-L6,Running clubs and marathons,4,5758454935,Megasport,node,–ï–∫–∞—Ç–µ—Ä–∏–Ω–±—É—Ä–≥,0
MiniLM-12-L6,Running clubs and marathons,5,11991892741,Karting club Ufa ‚Ññ1,node,–£—Ñ–∞,0
MiniLM-12-L6,Running clubs and marathons,6,9049315056,Aqua baby club,node,–ú–æ—Å–∫–≤–∞,0
MiniLM-12-L6,Running clubs and marathons,7,5758454931,Megasport,node,–ú–æ—Å–∫–≤–∞,0
MiniLM-12-L6,Running clubs and marathons,8,12866670411,–û–∫—Ç—è–±—Ä—å,node,–ú–æ—Å–∫–≤–∞,0
MiniLM-12-L6,Running clubs and marathons,9,12142052604,Acroschool,node,–£—Ñ–∞,0
MiniLM-12-L6,Running clubs and marathons,10,11747627177,BabyBul,node,–£—Ñ–∞,0
MiniLM-12-L6,Historic forts,1,10716332406,–ù–µ–º–µ—Ü–∫–∏–π —Ä–∏–Ω–≥—à—Ç–∞–Ω–¥ (—Ç–æ–±—Ä—É–∫) DF-23,node,–°–∞–Ω–∫—Ç-–ü–µ—Ç–µ—Ä–±—É—Ä–≥,1
MiniLM-12-L6,Historic forts,2,11649430397,–î–ú62-1731,node,–°–∞–Ω–∫—Ç-–ü–µ—Ç–µ—Ä–±—É—Ä–≥,1
MiniLM-12-L6,Historic forts,3,1483627098,–ò–°-2,node,–ú–æ—Å–∫–≤–∞,0
MiniLM-12-L6,Historic forts,4,7607160351,85 –º–º –¥–∏–≤–∏–∑–∏–æ–Ω–Ω–∞—è –ø—É—à–∫–∞ –¥-44,node,–°–∞–Ω–∫—Ç-–ü–µ—Ç–µ—Ä–±—É—Ä–≥,0
MiniLM-12-L6,Historic forts,5,11509686399,–ü—Ä–æ—Ç–∏–≤–æ—Ç–∞–Ω–∫–æ–≤—ã–µ –Ω–∞–¥–æ–ª–±—ã,node,–°–∞–Ω–∫—Ç-–ü–µ—Ç–µ—Ä–±—É—Ä–≥,1
MiniLM-12-L6,Historic forts,6,7194868563,–®–∫–æ–ª–∞ —é–Ω–≥ –í–ú–§,node,–ï–∫–∞—Ç–µ—Ä–∏–Ω–±—É—Ä–≥,0
MiniLM-12-L6,Historic forts,7,936544849,85-–º–º –ø—É—à–∫–∞ –î-44,node,–ï–∫–∞—Ç–µ—Ä–∏–Ω–±—É—Ä–≥,0
MiniLM-12-L6,Historic forts,8,11649430523,–í–õ8-1522,node,–°–∞–Ω–∫—Ç-–ü–µ—Ç–µ—Ä–±—É—Ä–≥,0
MiniLM-12-L6,Historic forts,9,12841735959,2–¢–≠116-039,node,–°–∞–Ω–∫—Ç-–ü–µ—Ç–µ—Ä–±—É—Ä–≥,0
MiniLM-12-L6,Historic forts,10,5865370890,T-34-85,node,–ö–∞–∑–∞–Ω—å,0
MiniLM-12-L6,Urban street markets,1,951472004,Marketplace,node,–°–∞–Ω–∫—Ç-–ü–µ—Ç–µ—Ä–±—É—Ä–≥,1
MiniLM-12-L6,Urban street markets,2,6700927235,SimpleMarket,node,–ú–æ—Å–∫–≤–∞,1
MiniLM-12-L6,Urban street markets,3,7252168456,Hall Market,node,–ú–æ—Å–∫–≤–∞,1
MiniLM-12-L6,Urban street markets,4,1191420147,Metro,node,–ï–∫–∞—Ç–µ—Ä–∏–Ω–±—É—Ä–≥,0
MiniLM-12-L6,Urban street markets,5,1191426622,Metro,node,–ï–∫–∞—Ç–µ—Ä–∏–Ω–±—É—Ä–≥,0
MiniLM-12-L6,Urban street markets,6,2465638862,Black Market,node,–ú–æ—Å–∫–≤–∞,1
MiniLM-12-L6,Urban street markets,7,5926274697,Quick Shop,node,–ú–æ—Å–∫–≤–∞,1
MiniLM-12-L6,Urban street markets,8,8773940526,Eka Market,node,–ú–æ—Å–∫–≤–∞,1
MiniLM-12-L6,Urban street markets,9,3666749110,Everyday,node,–£—Ñ–∞,1
MiniLM-12-L6,Urban street markets,10,6800244685,Everyday,node,–£—Ñ–∞,1
MiniLM-12-L6,Classical music concerts,1,4415983679,Music Hall 27,node,–£—Ñ–∞,1
MiniLM-12-L6,Classical music concerts,2,2442301024,Oscar,node,–ú–æ—Å–∫–≤–∞,1
MiniLM-12-L6,Classical music concerts,3,10123955956,Fantastique,node,–ú–æ—Å–∫–≤–∞,0
MiniLM-12-L6,Classical music concerts,4,8521187539,BabyDance,node,–£—Ñ–∞,0
MiniLM-12-L6,Classical music concerts,5,11781249163,Boogie Man Music,node,–ú–æ—Å–∫–≤–∞,1
MiniLM-12-L6,Classical music concerts,6,11329300670,Velvet Touch,node,–°–∞–Ω–∫—Ç-–ü–µ—Ç–µ—Ä–±—É—Ä–≥,0
MiniLM-12-L6,Classical music concerts,7,12015391725,Republic,node,–ú–æ—Å–∫–≤–∞,0
MiniLM-12-L6,Classical music concerts,8,10049131805,Main Stage,node,–ú–æ—Å–∫–≤–∞,1
MiniLM-12-L6,Classical music concerts,9,8121149352,1930 Moscow,node,–ú–æ—Å–∫–≤–∞,0
MiniLM-12-L6,Classical music concerts,10,656688748,Karaoke-Hall Heaven,node,–°–∞–Ω–∫—Ç-–ü–µ—Ç–µ—Ä–±—É—Ä–≥,0
MiniLM-12-L6,Contemporary dance shows,1,8521187539,BabyDance,node,–£—Ñ–∞,1
MiniLM-12-L6,Contemporary dance shows,2,3608963142,gallaDance,node,–ú–æ—Å–∫–≤–∞,1
MiniLM-12-L6,Contemporary dance shows,3,11634512703,Maybe Dance Community,node,–£—Ñ–∞,1
MiniLM-12-L6,Contemporary dance shows,4,3766353738,Dancing Company,node,–ù–∏–∂–Ω–∏–π –ù–æ–≤–≥–æ—Ä–æ–¥,1
MiniLM-12-L6,Contemporary dance shows,5,952381551,Studio 77,node,–°–∞–Ω–∫—Ç-–ü–µ—Ç–µ—Ä–±—É—Ä–≥,0
MiniLM-12-L6,Contemporary dance shows,6,5254940724,Dance High School,node,–°–∞–Ω–∫—Ç-–ü–µ—Ç–µ—Ä–±—É—Ä–≥,1
MiniLM-12-L6,Contemporary dance shows,7,10798706065,Dance Division,node,–ù–∏–∂–Ω–∏–π –ù–æ–≤–≥–æ—Ä–æ–¥,1
MiniLM-12-L6,Contemporary dance shows,8,5871158540,Gold&Dance,node,–ú–æ—Å–∫–≤–∞,1
MiniLM-12-L6,Contemporary dance shows,9,4642581628,MEGAPOLIS,node,–°–∞–Ω–∫—Ç-–ü–µ—Ç–µ—Ä–±—É—Ä–≥,0
MiniLM-12-L6,Contemporary dance shows,10,12650091634,Bling Dance,node,–°–∞–Ω–∫—Ç-–ü–µ—Ç–µ—Ä–±—É—Ä–≥,1
MiniLM-12-L6,Public libraries,1,2387449157,–†–µ—Å–ø—É–±–ª–∏–∫–∞–Ω—Å–∫–∞—è —Å–ø–µ—Ü–∏–∞–ª—å–Ω–∞—è –±–∏–±–ª–∏–æ—Ç–µ–∫–∞ –¥–ª—è —Å–ª–µ–ø—ã—Ö –∏ —Å–ª–∞–±–æ–≤–∏–¥—è—â–∏—Ö –∏–º–µ–Ω–∏ –®–∞—Ä–∏—Ñ–∞ –ï–Ω–∏–∫–µ–µ–≤–∞,node,–ö–∞–∑–∞–Ω—å,1
MiniLM-12-L6,Public libraries,2,2173146836,–ù–∞—É—á–Ω–æ-—Ç–µ—Ö–Ω–∏—á–µ—Å–∫–∞—è –±–∏–±–ª–∏–æ—Ç–µ–∫–∞ –ü–ì–£–ü–°,node,–°–∞–Ω–∫—Ç-–ü–µ—Ç–µ—Ä–±—É—Ä–≥,1
MiniLM-12-L6,Public libraries,3,1140438966,–ë–∏–±–ª–∏–æ—Ç–µ–∫–∞ –ì–£–ê–ü,node,–°–∞–Ω–∫—Ç-–ü–µ—Ç–µ—Ä–±—É—Ä–≥,1
MiniLM-12-L6,Public libraries,4,1345719324,–ù–∞—É—á–Ω–∞—è –±–∏–±–ª–∏–æ—Ç–µ–∫–∞ –†–ì–ü–ü–£,node,–ï–∫–∞—Ç–µ—Ä–∏–Ω–±—É—Ä–≥,1
MiniLM-12-L6,Public libraries,5,1580069938,–§—É–Ω–¥–∞–º–µ–Ω—Ç–∞–ª—å–Ω–∞—è –±–∏–±–ª–∏–æ—Ç–µ–∫–∞ –°–ü–±–ì–õ–¢–£,node,–°–∞–Ω–∫—Ç-–ü–µ—Ç–µ—Ä–±—É—Ä–≥,1
MiniLM-12-L6,Public libraries,6,613407477,–ë–∏–±–ª–∏–æ—Ç–µ–∫–∞ –£—Ä–§–£,node,–ï–∫–∞—Ç–µ—Ä–∏–Ω–±—É—Ä–≥,1
MiniLM-12-L6,Public libraries,7,5608252810,–ò—Ç–∞–ª—å—è–Ω—Å–∫–∞—è –ú–µ–¥–∏–∞—Ç–µ–∫–∞,node,–°–∞–Ω–∫—Ç-–ü–µ—Ç–µ—Ä–±—É—Ä–≥,0
MiniLM-12-L6,Public libraries,8,3170285115,–†–æ—Å—Å–∏–π—Å–∫–∞—è –≥–æ—Å—É–¥–∞—Ä—Å—Ç–≤–µ–Ω–Ω–∞—è –±–∏–±–ª–∏–æ—Ç–µ–∫–∞,node,–ú–æ—Å–∫–≤–∞,1
MiniLM-12-L6,Public libraries,9,3770874257,–¶–µ–Ω—Ç—Ä–∞–ª—å–Ω–∞—è —Ä–∞–π–æ–Ω–Ω–∞—è –¥–µ—Ç—Å–∫–∞—è –±–∏–±–ª–∏–æ—Ç–µ–∫–∞ –∏–º. –ê. –ú. –ì–æ—Ä—å–∫–æ–≥–æ,node,–ù–∏–∂–Ω–∏–π –ù–æ–≤–≥–æ—Ä–æ–¥,1
MiniLM-12-L6,Public libraries,10,2235220806,–¶–µ–Ω—Ç—Ä–∞–ª—å–Ω–∞—è –±–∏–±–ª–∏–æ—Ç–µ–∫–∞ –§—Ä—É–Ω–∑–µ–Ω—Å–∫–æ–≥–æ —Ä–∞–π–æ–Ω–∞ –∏–º–µ–Ω–∏ –ê. –ü. –ß–µ—Ö–æ–≤–∞,node,–°–∞–Ω–∫—Ç-–ü–µ—Ç–µ—Ä–±—É—Ä–≥,1
MiniLM-12-L6,Indoor climbing gyms,1,7883089057,Climb Lab,node,–ú–æ—Å–∫–≤–∞,1
MiniLM-12-L6,Indoor climbing gyms,2,8608386522,MyGym,node,–ú–æ—Å–∫–≤–∞,1
MiniLM-12-L6,Indoor climbing gyms,3,4763136123,Studio 2,node,–ú–æ—Å–∫–≤–∞,0
MiniLM-12-L6,Indoor climbing gyms,4,8061562759,Filini Dance,node,–°–∞–Ω–∫—Ç-–ü–µ—Ç–µ—Ä–±—É—Ä–≥,0
MiniLM-12-L6,Indoor climbing gyms,5,4393719293,Gymnasium,node,–ï–∫–∞—Ç–µ—Ä–∏–Ω–±—É—Ä–≥,1
MiniLM-12-L6,Indoor climbing gyms,6,3156010106,Jump,node,–°–∞–Ω–∫—Ç-–ü–µ—Ç–µ—Ä–±—É—Ä–≥,0
MiniLM-12-L6,Indoor climbing gyms,7,11598917870,Magna,node,–°–∞–Ω–∫—Ç-–ü–µ—Ç–µ—Ä–±—É—Ä–≥,0
MiniLM-12-L6,Indoor climbing gyms,8,7989131886,Brothers,node,–ú–æ—Å–∫–≤–∞,0
MiniLM-12-L6,Indoor climbing gyms,9,5820637375,Bungee Workout,node,–ú–æ—Å–∫–≤–∞,0
MiniLM-12-L6,Indoor climbing gyms,10,4123725892,MYGYM,node,–ú–æ—Å–∫–≤–∞,1
MiniLM-12-L6,Beachfront promenades,1,9989248251,Mosspectacle,node,–ú–æ—Å–∫–≤–∞,0
MiniLM-12-L6,Beachfront promenades,2,10844194422,Wonder Bungee,node,–£—Ñ–∞,0
MiniLM-12-L6,Beachfront promenades,3,11220538758,Sandbox,node,–°–∞–Ω–∫—Ç-–ü–µ—Ç–µ—Ä–±—É—Ä–≥,1
MiniLM-12-L6,Beachfront promenades,4,4035479146,Boogie-Woogie,node,–ú–æ—Å–∫–≤–∞,0
MiniLM-12-L6,Beachfront promenades,5,9947898117,Bubble Comics,node,–ú–æ—Å–∫–≤–∞,0
MiniLM-12-L6,Beachfront promenades,6,12110622925,Just Up!,node,–ú–æ—Å–∫–≤–∞,0
MiniLM-12-L6,Beachfront promenades,7,4285859090,KidZania,node,–ú–æ—Å–∫–≤–∞,0
MiniLM-12-L6,Beachfront promenades,8,6136486486,Skypark,node,–ö–∞–∑–∞–Ω—å,0
MiniLM-12-L6,Beachfront promenades,9,12253313203,VT-line,node,–°–∞–Ω–∫—Ç-–ü–µ—Ç–µ—Ä–±—É—Ä–≥,0
MiniLM-12-L6,Beachfront promenades,10,12253323802,VT-line,node,–°–∞–Ω–∫—Ç-–ü–µ—Ç–µ—Ä–±—É—Ä–≥,0
MiniLM-12-L6,Science fairs,1,10312726859,Ekaterinburg EXPO,node,–ï–∫–∞—Ç–µ—Ä–∏–Ω–±—É—Ä–≥,1
MiniLM-12-L6,Science fairs,2,9947898117,Bubble Comics,node,–ú–æ—Å–∫–≤–∞,0
MiniLM-12-L6,Science fairs,3,10844194422,Wonder Bungee,node,–£—Ñ–∞,0
MiniLM-12-L6,Science fairs,4,9943942217,Geek Trip,node,–°–∞–Ω–∫—Ç-–ü–µ—Ç–µ—Ä–±—É—Ä–≥,0
MiniLM-12-L6,Science fairs,5,10058055358,BetCity,node,–£—Ñ–∞,0
MiniLM-12-L6,Science fairs,6,5240892276,VR Experiments,node,–°–∞–Ω–∫—Ç-–ü–µ—Ç–µ—Ä–±—É—Ä–≥,1
MiniLM-12-L6,Science fairs,7,10197508501,Speedcube,node,–°–∞–Ω–∫—Ç-–ü–µ—Ç–µ—Ä–±—É—Ä–≥,0
MiniLM-12-L6,Science fairs,8,9989248251,Mosspectacle,node,–ú–æ—Å–∫–≤–∞,0
MiniLM-12-L6,Science fairs,9,10283929801,Woo-hoo!,node,–°–∞–Ω–∫—Ç-–ü–µ—Ç–µ—Ä–±—É—Ä–≥,0
MiniLM-12-L6,Science fairs,10,12110622925,Just Up!,node,–ú–æ—Å–∫–≤–∞,0
MiniLM-12-L6,Craft beer pubs,1,9983342333,Craft Beer,node,–ú–æ—Å–∫–≤–∞,1
MiniLM-12-L6,Craft beer pubs,2,1384013902,Craft Beer Shop,node,–°–∞–Ω–∫—Ç-–ü–µ—Ç–µ—Ä–±—É—Ä–≥,1
MiniLM-12-L6,Craft beer pubs,3,4229342364,Live beer,node,–ï–∫–∞—Ç–µ—Ä–∏–Ω–±—É—Ä–≥,1
MiniLM-12-L6,Craft beer pubs,4,8132280091,BB craft,node,–ú–æ—Å–∫–≤–∞,1
MiniLM-12-L6,Craft beer pubs,5,11362855383,4Brewers,node,–ú–æ—Å–∫–≤–∞,1
MiniLM-12-L6,Craft beer pubs,6,4337761991,Beerman's Brewing Company,node,–ú–æ—Å–∫–≤–∞,1
MiniLM-12-L6,Craft beer pubs,7,5208673283,BeerGrad,node,–°–∞–Ω–∫—Ç-–ü–µ—Ç–µ—Ä–±—É—Ä–≥,1
MiniLM-12-L6,Craft beer pubs,8,7734283835,Cult Beer Club,node,–°–∞–Ω–∫—Ç-–ü–µ—Ç–µ—Ä–±—É—Ä–≥,1
MiniLM-12-L6,Craft beer pubs,9,9991531595,Beer&Art,node,–ú–æ—Å–∫–≤–∞,1
MiniLM-12-L6,Craft beer pubs,10,9045032872,Beer'N'Blues,node,–ú–æ—Å–∫–≤–∞,1
MiniLM-12-L6,Jazz festivals,1,4140882290,B.B. King,node,–°–∞–Ω–∫—Ç-–ü–µ—Ç–µ—Ä–±—É—Ä–≥,1
MiniLM-12-L6,Jazz festivals,2,10798706065,Dance Division,node,–ù–∏–∂–Ω–∏–π –ù–æ–≤–≥–æ—Ä–æ–¥,0
MiniLM-12-L6,Jazz festivals,3,8640335233,Sinatra,node,–°–∞–Ω–∫—Ç-–ü–µ—Ç–µ—Ä–±—É—Ä–≥,0
MiniLM-12-L6,Jazz festivals,4,8521187539,BabyDance,node,–£—Ñ–∞,0
MiniLM-12-L6,Jazz festivals,5,11781249163,Boogie Man Music,node,–ú–æ—Å–∫–≤–∞,0
MiniLM-12-L6,Jazz festivals,6,1865267462,J.F.C. Jazz Club,node,–°–∞–Ω–∫—Ç-–ü–µ—Ç–µ—Ä–±—É—Ä–≥,1
MiniLM-12-L6,Jazz festivals,7,8121149352,1930 Moscow,node,–ú–æ—Å–∫–≤–∞,0
MiniLM-12-L6,Jazz festivals,8,5093590566,MadStyle,node,–°–∞–Ω–∫—Ç-–ü–µ—Ç–µ—Ä–±—É—Ä–≥,0
MiniLM-12-L6,Jazz festivals,9,1885045692,Mixzone,node,–ù–∏–∂–Ω–∏–π –ù–æ–≤–≥–æ—Ä–æ–¥,0
MiniLM-12-L6,Jazz festivals,10,12650091634,Bling Dance,node,–°–∞–Ω–∫—Ç-–ü–µ—Ç–µ—Ä–±—É—Ä–≥,0
MiniLM-12-L6,Artisan chocolate shops,1,4142686290,chocoMe,node,–°–∞–Ω–∫—Ç-–ü–µ—Ç–µ—Ä–±—É—Ä–≥,1
MiniLM-12-L6,Artisan chocolate shops,2,2043595270,cop.copine,node,–°–∞–Ω–∫—Ç-–ü–µ—Ç–µ—Ä–±—É—Ä–≥,0
MiniLM-12-L6,Artisan chocolate shops,3,10964054215,AllTime.RU,node,–£—Ñ–∞,0
MiniLM-12-L6,Artisan chocolate shops,4,6173625789,Scrapbooking,node,–°–∞–Ω–∫—Ç-–ü–µ—Ç–µ—Ä–±—É—Ä–≥,0
MiniLM-12-L6,Artisan chocolate shops,5,8783633471,Daniel Wellington,node,–°–∞–Ω–∫—Ç-–ü–µ—Ç–µ—Ä–±—É—Ä–≥,0
MiniLM-12-L6,Artisan chocolate shops,6,11426716777,Gift Idea,node,–°–∞–Ω–∫—Ç-–ü–µ—Ç–µ—Ä–±—É—Ä–≥,0
MiniLM-12-L6,Artisan chocolate shops,7,8904464944,Cadr,node,–ù–∏–∂–Ω–∏–π –ù–æ–≤–≥–æ—Ä–æ–¥,0
MiniLM-12-L6,Artisan chocolate shops,8,7120002062,Chester,node,–ù–∏–∂–Ω–∏–π –ù–æ–≤–≥–æ—Ä–æ–¥,0
MiniLM-12-L6,Artisan chocolate shops,9,1355541779,Fashion Continent,node,–ú–æ—Å–∫–≤–∞,0
MiniLM-12-L6,Artisan chocolate shops,10,8839210260,ObsidianArt,node,–ú–æ—Å–∫–≤–∞,0
MiniLM-12-L6,Sushi restaurants,1,6142569992,Sushi,node,–ú–æ—Å–∫–≤–∞,1
MiniLM-12-L6,Sushi restaurants,2,10607744383,Sushi Man,node,–ú–æ—Å–∫–≤–∞,1
MiniLM-12-L6,Sushi restaurants,3,1674296636,Su Mo,node,–ï–∫–∞—Ç–µ—Ä–∏–Ω–±—É—Ä–≥,1
MiniLM-12-L6,Sushi restaurants,4,6510187380,Sushiset,node,–°–∞–Ω–∫—Ç-–ü–µ—Ç–µ—Ä–±—É—Ä–≥,1
MiniLM-12-L6,Sushi restaurants,5,9853356842,Sushiman,node,–ú–æ—Å–∫–≤–∞,1
MiniLM-12-L6,Sushi restaurants,6,9352445013,Sushi master,node,–ú–æ—Å–∫–≤–∞,1
MiniLM-12-L6,Sushi restaurants,7,12022437897,Ris Roll,node,–£—Ñ–∞,1
MiniLM-12-L6,Sushi restaurants,8,4731154063,–°—É—à–∏,node,–ù–∏–∂–Ω–∏–π –ù–æ–≤–≥–æ—Ä–æ–¥,1
MiniLM-12-L6,Sushi restaurants,9,6201362268,Suki Sushi,node,–°–∞–Ω–∫—Ç-–ü–µ—Ç–µ—Ä–±—É—Ä–≥,1
MiniLM-12-L6,Sushi restaurants,10,12023084336,Sushi master,node,–ù–∏–∂–Ω–∏–π –ù–æ–≤–≥–æ—Ä–æ–¥,1
MiniLM-12-L6,Microbrewery tours,1,12849608937,Kitchen Garden Botanica,node,–ú–æ—Å–∫–≤–∞,0
MiniLM-12-L6,Microbrewery tours,2,7926404085,Extra Spices,node,–°–∞–Ω–∫—Ç-–ü–µ—Ç–µ—Ä–±—É—Ä–≥,0
MiniLM-12-L6,Microbrewery tours,3,6660933585,Howard Loves Craft,node,–ú–æ—Å–∫–≤–∞,0
MiniLM-12-L6,Microbrewery tours,4,1304597930,BISTRO A-STYLE,node,–°–∞–Ω–∫—Ç-–ü–µ—Ç–µ—Ä–±—É—Ä–≥,0
MiniLM-12-L6,Microbrewery tours,5,9250488118,Nuts & Berries,node,–ú–æ—Å–∫–≤–∞,0
MiniLM-12-L6,Microbrewery tours,6,930349289,Garden,node,–ù–∏–∂–Ω–∏–π –ù–æ–≤–≥–æ—Ä–æ–¥,0
MiniLM-12-L6,Microbrewery tours,7,5689189384,Birch,node,–°–∞–Ω–∫—Ç-–ü–µ—Ç–µ—Ä–±—É—Ä–≥,0
MiniLM-12-L6,Microbrewery tours,8,4933936621,Ultramen,node,–°–∞–Ω–∫—Ç-–ü–µ—Ç–µ—Ä–±—É—Ä–≥,0
MiniLM-12-L6,Microbrewery tours,9,11766205789,Insight provenance,node,–ö–∞–∑–∞–Ω—å,0
MiniLM-12-L6,Microbrewery tours,10,4535625319,Hemingway,node,–ö–∞–∑–∞–Ω—å,0
MiniLM-12-L6,Open-air markets,1,7252168456,Hall Market,node,–ú–æ—Å–∫–≤–∞,0
MiniLM-12-L6,Open-air markets,2,2465638862,Black Market,node,–ú–æ—Å–∫–≤–∞,0
MiniLM-12-L6,Open-air markets,3,951472004,Marketplace,node,–°–∞–Ω–∫—Ç-–ü–µ—Ç–µ—Ä–±—É—Ä–≥,0
MiniLM-12-L6,Open-air markets,4,2637872482,Finmarket,node,–°–∞–Ω–∫—Ç-–ü–µ—Ç–µ—Ä–±—É—Ä–≥,1
MiniLM-12-L6,Open-air markets,5,11635717760,–§.–ê. –ì–µ—Ç—å–µ,node,–ú–æ—Å–∫–≤–∞,1
MiniLM-12-L6,Open-air markets,6,6700927235,SimpleMarket,node,–ú–æ—Å–∫–≤–∞,0
MiniLM-12-L6,Open-air markets,7,10603596205,Parfumer Atelier,node,–ï–∫–∞—Ç–µ—Ä–∏–Ω–±—É—Ä–≥,0
MiniLM-12-L6,Open-air markets,8,12380684235,Parle Market,node,–ú–æ—Å–∫–≤–∞,0
MiniLM-12-L6,Open-air markets,9,2585556479,M&M,node,–ú–æ—Å–∫–≤–∞,0
MiniLM-12-L6,Open-air markets,10,8773940526,Eka Market,node,–ú–æ—Å–∫–≤–∞,1
MiniLM-12-L6,Secluded viewpoints,1,10951859513,ApartStel,node,–°–∞–Ω–∫—Ç-–ü–µ—Ç–µ—Ä–±—É—Ä–≥,1
MiniLM-12-L6,Secluded viewpoints,2,5302843225,Apart4You,node,–°–∞–Ω–∫—Ç-–ü–µ—Ç–µ—Ä–±—É—Ä–≥,1
MiniLM-12-L6,Secluded viewpoints,3,9863001017,Aurora,node,–°–∞–Ω–∫—Ç-–ü–µ—Ç–µ—Ä–±—É—Ä–≥,1
MiniLM-12-L6,Secluded viewpoints,4,6689968432,N-Prospect,node,–°–∞–Ω–∫—Ç-–ü–µ—Ç–µ—Ä–±—É—Ä–≥,1
MiniLM-12-L6,Secluded viewpoints,5,10601301097,My world apart,node,–°–∞–Ω–∫—Ç-–ü–µ—Ç–µ—Ä–±—É—Ä–≥,0
MiniLM-12-L6,Secluded viewpoints,6,6654947357,The Park,node,–ú–æ—Å–∫–≤–∞,1
MiniLM-12-L6,Secluded viewpoints,7,7786027670,Artist hostel,node,–ú–æ—Å–∫–≤–∞,0
MiniLM-12-L6,Secluded viewpoints,8,12539218615,Cube,node,–ú–æ—Å–∫–≤–∞,0
MiniLM-12-L6,Secluded viewpoints,9,4924163809,Artist,node,–ú–æ—Å–∫–≤–∞,1
MiniLM-12-L6,Secluded viewpoints,10,4924727709,Artist,node,–ú–æ—Å–∫–≤–∞,1
MiniLM-12-L6,Historic city walls,1,5546742952,Apelles,node,–°–∞–Ω–∫—Ç-–ü–µ—Ç–µ—Ä–±—É—Ä–≥,0
MiniLM-12-L6,Historic city walls,2,5546742958,Scopas,node,–°–∞–Ω–∫—Ç-–ü–µ—Ç–µ—Ä–±—É—Ä–≥,0
MiniLM-12-L6,Historic city walls,3,12776635602,Woooo,node,–ú–æ—Å–∫–≤–∞,0
MiniLM-12-L6,Historic city walls,4,5546742961,Daidalos,node,–°–∞–Ω–∫—Ç-–ü–µ—Ç–µ—Ä–±—É—Ä–≥,0
MiniLM-12-L6,Historic city walls,5,5546742968,Winckelmann,node,–°–∞–Ω–∫—Ç-–ü–µ—Ç–µ—Ä–±—É—Ä–≥,0
MiniLM-12-L6,Historic city walls,6,3501052203,Stella Art Foundation,node,–ú–æ—Å–∫–≤–∞,1
MiniLM-12-L6,Historic city walls,7,4732344922,Union Art,node,–°–∞–Ω–∫—Ç-–ü–µ—Ç–µ—Ä–±—É—Ä–≥,0
MiniLM-12-L6,Historic city walls,8,11592763908,Oldich Art & Sculpture,node,–ú–æ—Å–∫–≤–∞,0
MiniLM-12-L6,Historic city walls,9,12778921036,Change,node,–ú–æ—Å–∫–≤–∞,0
MiniLM-12-L6,Historic city walls,10,4462100932,Futuro,node,–ù–∏–∂–Ω–∏–π –ù–æ–≤–≥–æ—Ä–æ–¥,0
MiniLM-12-L6,Museum gift shops,1,11426716777,Gift Idea,node,–°–∞–Ω–∫—Ç-–ü–µ—Ç–µ—Ä–±—É—Ä–≥,0
MiniLM-12-L6,Museum gift shops,2,2043620758,Art & Shock,node,–°–∞–Ω–∫—Ç-–ü–µ—Ç–µ—Ä–±—É—Ä–≥,0
MiniLM-12-L6,Museum gift shops,3,2406319077,Witch Store,node,–°–∞–Ω–∫—Ç-–ü–µ—Ç–µ—Ä–±—É—Ä–≥,0
MiniLM-12-L6,Museum gift shops,4,9779244219,Rich Family,node,–ï–∫–∞—Ç–µ—Ä–∏–Ω–±—É—Ä–≥,0
MiniLM-12-L6,Museum gift shops,5,11851428599,Dzadza,node,–ú–æ—Å–∫–≤–∞,0
MiniLM-12-L6,Museum gift shops,6,5339901689,Cluev,node,–ú–æ—Å–∫–≤–∞,0
MiniLM-12-L6,Museum gift shops,7,11738716372,Ma cherie,node,–£—Ñ–∞,0
MiniLM-12-L6,Museum gift shops,8,2623543628,Buccellati,node,–ú–æ—Å–∫–≤–∞,0
MiniLM-12-L6,Museum gift shops,9,10964054215,AllTime.RU,node,–£—Ñ–∞,0
MiniLM-12-L6,Museum gift shops,10,5563374547,Onegin,node,–°–∞–Ω–∫—Ç-–ü–µ—Ç–µ—Ä–±—É—Ä–≥,0
MiniLM-12-L6,Minimalist cafes,1,9456022817,The little door,node,–ú–æ—Å–∫–≤–∞,0
MiniLM-12-L6,Minimalist cafes,2,6908382894,Street,node,–°–∞–Ω–∫—Ç-–ü–µ—Ç–µ—Ä–±—É—Ä–≥,0
MiniLM-12-L6,Minimalist cafes,3,10554853234,86,node,–°–∞–Ω–∫—Ç-–ü–µ—Ç–µ—Ä–±—É—Ä–≥,0
MiniLM-12-L6,Minimalist cafes,4,11212047497,Eat me,node,–°–∞–Ω–∫—Ç-–ü–µ—Ç–µ—Ä–±—É—Ä–≥,0
MiniLM-12-L6,Minimalist cafes,5,12240873079,Simple Coffee,node,–ï–∫–∞—Ç–µ—Ä–∏–Ω–±—É—Ä–≥,1
MiniLM-12-L6,Minimalist cafes,6,7842672184,Sky,node,–ö–∞–∑–∞–Ω—å,1
MiniLM-12-L6,Minimalist cafes,7,5705046990,Flame,node,–°–∞–Ω–∫—Ç-–ü–µ—Ç–µ—Ä–±—É—Ä–≥,0
MiniLM-12-L6,Minimalist cafes,8,6780335706,Barista Style,node,–ú–æ—Å–∫–≤–∞,1
MiniLM-12-L6,Minimalist cafes,9,9775074278,cafe for friends,node,–£—Ñ–∞,1
MiniLM-12-L6,Minimalist cafes,10,9969318727,Limitless,node,–°–∞–Ω–∫—Ç-–ü–µ—Ç–µ—Ä–±—É—Ä–≥,0
MiniLM-12-L6,Urban green spaces,1,10719359200,Greenfeel,node,–°–∞–Ω–∫—Ç-–ü–µ—Ç–µ—Ä–±—É—Ä–≥,0
MiniLM-12-L6,Urban green spaces,2,10655637848,Green Loft,node,–°–∞–Ω–∫—Ç-–ü–µ—Ç–µ—Ä–±—É—Ä–≥,1
MiniLM-12-L6,Urban green spaces,3,5438697276,Sollo,node,–°–∞–Ω–∫—Ç-–ü–µ—Ç–µ—Ä–±—É—Ä–≥,0
MiniLM-12-L6,Urban green spaces,4,10601301097,My world apart,node,–°–∞–Ω–∫—Ç-–ü–µ—Ç–µ—Ä–±—É—Ä–≥,1
MiniLM-12-L6,Urban green spaces,5,9297006416,suburb,node,–ú–æ—Å–∫–≤–∞,0
MiniLM-12-L6,Urban green spaces,6,11618002727,community capsule,node,–ú–æ—Å–∫–≤–∞,0
MiniLM-12-L6,Urban green spaces,7,10844067778,Life Space,node,–°–∞–Ω–∫—Ç-–ü–µ—Ç–µ—Ä–±—É—Ä–≥,0
MiniLM-12-L6,Urban green spaces,8,10977192189,Pastel Lux,node,–£—Ñ–∞,0
MiniLM-12-L6,Urban green spaces,9,9798927041,Metro Apartments,node,–ú–æ—Å–∫–≤–∞,0
MiniLM-12-L6,Urban green spaces,10,11535096785,Greenstone,node,–ú–æ—Å–∫–≤–∞,1